x_m,Gamma_Cu0_target_return_m1_s,Gamma_Cu0_wafer_m1_s,Gamma_Cuplus_target_m1_s,Gamma_Cuplus_wafer_m1_s
-0.23812499999999998,0.0,0.0,0.0,0.0
-0.234375,0.0,0.0,0.0,0.0
-0.23062499999999997,0.0,0.0,0.0,0.0
-0.226875,0.0,0.0,0.0,0.0
-0.223125,0.0,0.0,0.0,0.0
-0.219375,0.0,0.0,0.0,0.0
-0.215625,0.0,0.0,0.0,0.0
-0.21187499999999998,0.0,0.0,0.0,0.0
-0.208125,0.0,0.0,0.0,0.0
-0.20437499999999997,0.0,0.0,0.0,0.0
-0.200625,0.0,0.0,0.0,0.0
-0.196875,0.0,0.0,0.0,0.0
-0.193125,0.0,0.0,0.0,0.0
-0.189375,0.0,0.0,0.0,0.0
-0.18562499999999998,0.0,0.0,0.0,0.0
-0.181875,0.0,0.0,0.0,0.0
-0.17812499999999998,0.0,0.0,0.0,0.0
-0.174375,0.0,0.0,0.0,0.0
-0.170625,0.0,0.0,0.0,0.0
-0.166875,0.0,0.0,0.0,0.0
-0.163125,0.0,0.0,0.0,0.0
-0.159375,0.0,0.0,0.0,0.0
-0.155625,0.0,0.0,0.0,0.0
-0.15187499999999998,0.0,0.0,0.0,0.0
-0.148125,0.0,8.670254783939471e+20,0.0,0.0
-0.14437499999999998,0.0,4.335127391969739e+20,0.0,0.0
-0.140625,0.0,6.021010266624637e+20,0.0,0.0
-0.136875,0.0,6.261850677289664e+20,0.0,0.0
-0.133125,0.0,6.02101026662459e+20,0.0,0.0
-0.129375,0.0,5.298489034629715e+20,0.0,0.0
-0.125625,0.0,4.81680821329971e+20,0.0,0.0
-0.121875,0.0,4.094286981304753e+20,0.0,0.0
-0.118125,0.0,5.0576486239646954e+20,0.0,0.0
-0.11437499999999999,0.0,5.780169855959652e+20,0.0,0.0
-0.11062499999999999,0.0,5.5393294452946665e+20,0.0,0.0
-0.10687499999999998,0.0,2.64924451731484e+20,0.0,0.0
-0.103125,0.0,7.225212319949614e+20,0.0,0.0
-0.099375,0.0,6.502691087954607e+20,0.0,0.0
-0.095625,0.0,5.0576486239646954e+20,0.0,0.0
-0.091875,0.0,3.612606159974782e+20,0.0,0.0
-0.088125,0.0,6.984371909284577e+20,0.0,0.0
-0.08437499999999999,0.0,5.298489034629681e+20,0.0,0.0
-0.08062499999999999,0.0,6.021010266624637e+20,0.0,0.0
-0.076875,0.0,4.094286981304781e+20,0.0,0.0
-0.07312500000000001,0.0,4.575967802634724e+20,0.0,0.0
-0.069375,0.0,6.743531498619592e+20,0.0,0.0
-0.065625,0.0,5.0576486239646954e+20,0.0,0.0
-0.061875,0.0,4.575967802634724e+20,0.0,0.0
-0.058124999999999996,0.0,5.298489034629681e+20,0.0,0.0
-0.05437499999999999,0.0,8.188573962609501e+20,0.0,0.0
-0.05062499999999999,0.0,4.575967802634724e+20,0.0,0.0
-0.046874999999999986,0.0,5.780169855959652e+20,0.0,0.0
-0.043125,0.0,5.298489034629715e+20,0.0,0.0
-0.03937500000000001,0.0,3.130925338644811e+20,0.0,0.0
-0.035625000000000004,0.0,3.8534465706397676e+20,0.0,0.0
-0.031875,0.0,6.021010266624637e+20,0.0,0.0
-0.028124999999999997,0.0,5.298489034629681e+20,0.0,0.0
-0.024374999999999994,0.0,5.780169855959652e+20,0.0,0.0
-0.02062499999999999,0.0,3.130925338644811e+20,0.0,0.0
-0.016875,0.0,5.539329445294702e+20,0.0,0.0
-0.013125000000000012,0.0,6.021010266624637e+20,0.0,0.0
-0.009375000000000008,0.0,4.575967802634724e+20,0.0,0.0
-0.005625000000000005,0.0,6.021010266624637e+20,0.0,0.0
-0.0018750000000000017,0.0,6.021010266624637e+20,0.0,0.0
0.0018750000000000017,0.0,5.298489034629681e+20,0.0,0.0
0.005625000000000005,0.0,6.021010266624637e+20,0.0,0.0
0.009374999999999994,0.0,4.5759678026347545e+20,0.0,0.0
0.013124999999999998,0.0,3.8534465706397375e+20,0.0,0.0
0.016875,0.0,6.502691087954651e+20,0.0,0.0
0.020625000000000004,0.0,7.466052730614491e+20,0.0,0.0
0.024375000000000008,0.0,4.816808213299741e+20,0.0,0.0
0.02812500000000001,0.0,6.261850677289573e+20,0.0,0.0
0.031875000000000014,0.0,5.539329445294702e+20,0.0,0.0
0.03562499999999999,0.0,6.502691087954651e+20,0.0,0.0
0.03937499999999999,0.0,5.0576486239646555e+20,0.0,0.0
0.043125,0.0,5.780169855959689e+20,0.0,0.0
0.046875,0.0,4.816808213299672e+20,0.0,0.0
0.050625,0.0,6.261850677289664e+20,0.0,0.0
0.05437500000000001,0.0,6.261850677289573e+20,0.0,0.0
0.05812500000000001,0.0,6.261850677289664e+20,0.0,0.0
0.061874999999999986,0.0,5.298489034629715e+20,0.0,0.0
0.06562499999999999,0.0,5.298489034629639e+20,0.0,0.0
0.06937499999999999,0.0,6.984371909284626e+20,0.0,0.0
0.073125,0.0,6.74353149861954e+20,0.0,0.0
0.076875,0.0,6.261850677289664e+20,0.0,0.0
0.080625,0.0,6.261850677289573e+20,0.0,0.0
0.084375,0.0,6.502691087954651e+20,0.0,0.0
0.08812499999999998,0.0,5.780169855959689e+20,0.0,0.0
0.09187499999999998,0.0,6.984371909284524e+20,0.0,0.0
0.09562499999999999,0.0,5.780169855959689e+20,0.0,0.0
0.09937499999999999,0.0,5.298489034629639e+20,0.0,0.0
0.103125,0.0,5.298489034629715e+20,0.0,0.0
0.106875,0.0,5.0576486239646555e+20,0.0,0.0
0.110625,0.0,6.502691087954651e+20,0.0,0.0
0.114375,0.0,4.816808213299672e+20,0.0,0.0
0.11812500000000001,0.0,6.502691087954651e+20,0.0,0.0
0.12187499999999998,0.0,5.298489034629715e+20,0.0,0.0
0.125625,0.0,8.67025478393941e+20,0.0,0.0
0.129375,0.0,7.706893141279589e+20,0.0,0.0
0.133125,0.0,4.335127391969705e+20,0.0,0.0
0.136875,0.0,7.225212319949614e+20,0.0,0.0
0.140625,0.0,5.0576486239646555e+20,0.0,0.0
0.144375,0.0,6.261850677289664e+20,0.0,0.0
0.148125,0.0,6.261850677289573e+20,0.0,0.0
0.151875,0.0,0.0,0.0,0.0
0.15562499999999999,0.0,0.0,0.0,0.0
0.159375,0.0,0.0,0.0,0.0
0.163125,0.0,0.0,0.0,0.0
0.166875,0.0,0.0,0.0,0.0
0.170625,0.0,0.0,0.0,0.0
0.174375,0.0,0.0,0.0,0.0
0.178125,0.0,0.0,0.0,0.0
0.18187499999999998,0.0,0.0,0.0,0.0
0.18562499999999998,0.0,0.0,0.0,0.0
0.189375,0.0,0.0,0.0,0.0
0.193125,0.0,0.0,0.0,0.0
0.196875,0.0,0.0,0.0,0.0
0.200625,0.0,0.0,0.0,0.0
0.204375,0.0,0.0,0.0,0.0
0.20812499999999998,0.0,0.0,0.0,0.0
0.21187499999999998,0.0,0.0,0.0,0.0
0.21562499999999998,0.0,0.0,0.0,0.0
0.219375,0.0,0.0,0.0,0.0
0.223125,0.0,0.0,0.0,0.0
0.226875,0.0,0.0,0.0,0.0
0.230625,0.0,0.0,0.0,0.0
0.234375,0.0,0.0,0.0,0.0
0.238125,0.0,0.0,0.0,0.0
